id,company_name
1,Foothills Pipe Lines
2,PKM Cochin
3,Maritimes and Northeast Pipeline
4,NOVA Gas Transmission
5,Trans Mountain Pipeline
6,Trans Quebec & Maritimes Pipeline
7,Caltex Resources
8,Campus Energy Partners Operations
9,Canada Border Services Agency
10,Canadian Natural Resources Ltd.
11,Canadian-Montana Pipe Line
12,Canlin Energy Corporation
13,Mr. Bombastic
14,Cooli Cool
15,Great Lakes Pipelines Canada
16,Glenogle Energy Inc.
17,Husky Oil Operations Limited
18,ISH Energy Ltd.
19,Kinder Morgan Utopia
20,Minell Pipeline
